{"id": "live_simple_0-0-0", "result": [{"name": "get_user_info", "arguments": {"user_id": 7890, "special": "black"}}], "input_token_count": 0, "output_token_count": 0, "latency": 20.982466220855713}
{"id": "live_simple_1-1-0", "result": [{"name": "github_star", "arguments": {"repos": "ShishirPatil/gorilla,gorilla-llm/gorilla-cli", "aligned": true}}], "input_token_count": 0, "output_token_count": 0, "latency": 21.400201320648193}
{"id": "live_simple_2-2-0", "result": [{"name": "uber.ride", "arguments": {"loc": "2020 Addison Street, Berkeley, CA, USA", "type": "comfort", "time": 600}}], "input_token_count": 0, "output_token_count": 0, "latency": 21.521071434020996}
{"id": "live_simple_3-2-1", "result": [{"name": "uber.ride", "arguments": {"loc": "221B Baker Street, Berkeley, CA, USA", "type": "plus", "time": 600}}], "input_token_count": 0, "output_token_count": 0, "latency": 21.375922203063965}
{"id": "live_simple_4-3-0", "result": [{"name": "get_current_weather", "arguments": {"location": "Tel Aviv, TL", "unit": "fahrenheit"}}], "input_token_count": 0, "output_token_count": 0, "latency": 20.929275512695312}
{"id": "live_simple_5-3-1", "result": [{"name": "get_current_weather", "arguments": {"location": "Divin\u00f3polis, MG", "unit": "fahrenheit"}}], "input_token_count": 0, "output_token_count": 0, "latency": 21.026638746261597}
{"id": "live_simple_6-3-2", "result": [{"name": "get_current_weather", "arguments": {"location": "San Francisco, CA", "unit": "fahrenheit"}}], "input_token_count": 0, "output_token_count": 0, "latency": 20.654561281204224}
{"id": "live_simple_7-3-3", "result": [{"name": "get_current_weather", "arguments": {"location": "Riga, Latvia"}}], "input_token_count": 0, "output_token_count": 0, "latency": 20.17621088027954}
{"id": "live_simple_8-3-4", "result": [{"name": "get_current_weather", "arguments": {"location": "London, UK", "unit": "fahrenheit"}}], "input_token_count": 0, "output_token_count": 0, "latency": 20.516624689102173}
{"id": "live_simple_9-3-5", "result": [{"name": "get_current_weather", "arguments": {"location": "Hyderabad", "unit": "fahrenheit"}}], "input_token_count": 0, "output_token_count": 0, "latency": 20.445152044296265}
{"id": "live_simple_10-3-6", "result": [{"name": "get_current_weather", "arguments": {"location": "Mariposa, CA", "unit": "celsius"}}], "input_token_count": 0, "output_token_count": 0, "latency": 20.483298540115356}
{"id": "live_simple_11-3-7", "result": [{"name": "get_current_weather", "arguments": {"location": "Naples, Florida"}}], "input_token_count": 0, "output_token_count": 0, "latency": 21.092801809310913}
{"id": "live_simple_12-3-8", "result": [{"name": "get_current_weather", "arguments": {"location": "New York, NY", "unit": "celsius"}}], "input_token_count": 0, "output_token_count": 0, "latency": 20.56461238861084}
{"id": "live_simple_13-3-9", "result": [{"name": "get_current_weather", "arguments": {"location": "Shanghai", "unit": "celsius"}}], "input_token_count": 0, "output_token_count": 0, "latency": 21.146244525909424}
{"id": "live_simple_14-3-10", "result": [{"name": "get_current_weather", "arguments": {"location": "Bangkok, Thailand", "unit": "fahrenheit"}}], "input_token_count": 0, "output_token_count": 0, "latency": 20.286429166793823}
{"id": "live_simple_15-3-11", "result": [{"name": "get_current_weather", "arguments": {"location": "Bengaluru, IN", "unit": "fahrenheit"}}], "input_token_count": 0, "output_token_count": 0, "latency": 20.4033625125885}
{"id": "live_simple_16-3-12", "result": [{"name": "get_current_weather", "arguments": {"location": "Lang Son, NH", "unit": "fahrenheit"}}], "input_token_count": 0, "output_token_count": 0, "latency": 20.316035270690918}
{"id": "live_simple_17-3-13", "result": [{"name": "get_current_weather", "arguments": {"location": "Boston, USA", "unit": "fahrenheit"}}], "input_token_count": 0, "output_token_count": 0, "latency": 20.38984251022339}
{"id": "live_simple_18-3-14", "result": [{"name": "get_current_weather", "arguments": {"location": "Moscow, Russia"}}], "input_token_count": 0, "output_token_count": 0, "latency": 20.09382677078247}
{"id": "live_simple_19-3-15", "result": [{"name": "get_current_weather", "arguments": {"location": "Quintana Roo, Mexico", "unit": "celsius"}}], "input_token_count": 0, "output_token_count": 0, "latency": 20.36115026473999}
{"id": "live_simple_20-4-0", "result": [{"name": "change_food", "arguments": {"food_item": "burger", "modification_request": "no onions, extra cheese"}}], "input_token_count": 0, "output_token_count": 0, "latency": 20.275242567062378}
{"id": "live_simple_21-4-1", "result": [{"name": "change_food", "arguments": {"food_item": "chicken dish", "modification_request": "extra spicy"}}], "input_token_count": 0, "output_token_count": 0, "latency": 20.07719326019287}
{"id": "live_simple_22-5-0", "result": [{"name": "ChaFod", "arguments": {"TheFod": "BURGER"}}], "input_token_count": 0, "output_token_count": 0, "latency": 19.76425838470459}
{"id": "live_simple_23-5-1", "result": [{"name": "ChaFod", "arguments": {"TheFod": "PIZZA"}}], "input_token_count": 0, "output_token_count": 0, "latency": 19.75808024406433}
{"id": "live_simple_24-5-2", "result": [{"name": "ChaFod", "arguments": {"TheFod": "BURGER"}}], "input_token_count": 0, "output_token_count": 0, "latency": 19.653374910354614}
{"id": "live_simple_25-5-3", "result": [{"name": "ChaFod", "arguments": {"TheFod": "GREENS"}}], "input_token_count": 0, "output_token_count": 0, "latency": 19.49893879890442}
{"id": "live_simple_26-6-0", "result": [{"name": "uber.ride", "arguments": {"loc": "123 \u0110\u01b0\u1eddng \u0110\u1ea1i h\u1ecdc, Berkeley, CA 94704", "type": "plus", "time": 10}}], "input_token_count": 0, "output_token_count": 0, "latency": 21.90569519996643}
{"id": "live_simple_27-7-0", "result": [{"name": "uber.eat.order", "arguments": {"restaurant": "uber pitada", "items": ["burgers", "chicken wings"], "quantities": [5, 6]}}], "input_token_count": 0, "output_token_count": 0, "latency": 20.488603830337524}
{"id": "live_simple_28-7-1", "result": [{"name": "uber.eat.order", "arguments": {"restaurant": "KFC", "items": ["chicken leg\u5821", "chicken wings"], "quantities": [10, 30]}}], "input_token_count": 0, "output_token_count": 0, "latency": 21.667723894119263}
{"id": "live_simple_29-7-2", "result": [{"name": "uber.eat.order", "arguments": {"restaurant": "McDonald's", "items": ["pizza"], "quantities": [1]}}], "input_token_count": 0, "output_token_count": 0, "latency": 20.413723468780518}
{"id": "live_simple_30-8-0", "result": [{"name": "aws.lexv2_models.list_exports", "arguments": {"botId": "my-bot-id", "botVersion": "v2", "sortBy": "ASC", "maxResults": 50}}], "input_token_count": 0, "output_token_count": 0, "latency": 21.07805871963501}
{"id": "live_simple_31-8-1", "result": [{"name": "aws.lexv2_models.list_exports", "arguments": {"botId": "B12345", "botVersion": "v1", "sortBy": "DESC"}}], "input_token_count": 0, "output_token_count": 0, "latency": 20.801525354385376}
{"id": "live_simple_32-9-0", "result": [{"name": "answer.string", "arguments": {"answer": "Sure, here is the answer to the question: \\n\\n**Logistic regression is not present in the text, therefore I cannot answer this question.**"}}], "input_token_count": 0, "output_token_count": 0, "latency": 20.498605012893677}
{"id": "live_simple_33-10-0", "result": [{"name": "answer.string", "arguments": {"answer": "**Logistic regression is not present in the text, therefore I cannot answer this question.**"}}], "input_token_count": 0, "output_token_count": 0, "latency": 19.824822664260864}
{"id": "live_simple_34-11-0", "result": [{"name": "answer.string", "arguments": {"answer": "The text response from the language model indicates that the answer is not available."}}], "input_token_count": 0, "output_token_count": 0, "latency": 19.575124502182007}
{"id": "live_simple_35-12-0", "result": [{"name": "answer.string", "arguments": {"answer": "Logistic regression is not present in the text, therefore I cannot answer this question."}}], "input_token_count": 0, "output_token_count": 0, "latency": 21.227565050125122}
{"id": "live_simple_36-13-0", "result": [{"name": "parseAnswer", "arguments": {"answer": "The text does not define logistic regression, therefore I cannot answer this question."}}], "input_token_count": 0, "output_token_count": 0, "latency": 19.481513738632202}
{"id": "live_simple_37-14-0", "result": [{"name": "parseAnswer", "arguments": {"answer": "The text does not define logistic regression, therefore I cannot answer this question."}}], "input_token_count": 0, "output_token_count": 0, "latency": 19.16235327720642}
{"id": "live_simple_38-15-0", "result": [{"name": "get_current_weather", "arguments": {"url": "https://api.open-meteo.com/v1/forecast", "location": "Mariposa, CA", "unit": "fahrenheit"}}], "input_token_count": 0, "output_token_count": 0, "latency": 20.067381858825684}
{"id": "live_simple_39-16-0", "result": [{"name": "fetch_weather_data", "arguments": {"url": "https://api.open-meteo.com/v1/forecast", "latitude": 37.8651, "longitude": -119.5383, "units": "metric", "language": "en"}}], "input_token_count": 0, "output_token_count": 0, "latency": 23.689374923706055}
{"id": "live_simple_40-17-0", "result": [{"name": "ThinQ_Connect", "arguments": {"body": {"airConJobMode": "AIR_CLEAN", "windStrength": "HIGH", "monitoringEnabled": true}}}], "input_token_count": 0, "output_token_count": 0, "latency": 19.705933809280396}
{"id": "live_simple_41-17-1", "result": [{"name": "ThinQ_Connect", "arguments": {"body": {"airConJobMode": "AIR_DRY", "windStrength": "MID"}}}], "input_token_count": 0, "output_token_count": 0, "latency": 18.8234601020813}
{"id": "live_simple_42-17-2", "result": [{"name": "ThinQ_Connect", "arguments": {"body": {"airConJobMode": "AIR_CLEAN", "windStrength": "MID", "targetTemperature": 22}}}], "input_token_count": 0, "output_token_count": 0, "latency": 19.049345016479492}
{"id": "live_simple_43-17-3", "result": [{"name": "ThinQ_Connect", "arguments": {"body": {"airConJobMode": "COOL", "windStrength": "HIGH", "coolTargetTemperature": 24}}}], "input_token_count": 0, "output_token_count": 0, "latency": 18.942381143569946}
{"id": "live_simple_44-18-0", "result": [{"name": "ThinQ_Connect", "arguments": {"body": {"airConOperationMode": "POWER_ON", "coolTargetTemperature": 22, "currentJobMode": "COOL"}}}], "input_token_count": 0, "output_token_count": 0, "latency": 19.179898262023926}
{"id": "live_simple_45-18-1", "result": [{"name": "ThinQ_Connect", "arguments": {"body": {"airConOperationMode": "POWER_ON", "coolTargetTemperature": 20, "monitoringEnabled": true}}}], "input_token_count": 0, "output_token_count": 0, "latency": 19.088619709014893}
{"id": "live_simple_46-19-0", "result": [{"name": "ThinQ_Connect", "arguments": {"airConJobMode": "COOL", "windStrength": "MID", "monitoringEnabled": true, "airCleanOperationMode": "START", "airConOperationMode": "POWER_ON", "powerSaveEnabled": false, "targetTemperature": 24}}], "input_token_count": 0, "output_token_count": 0, "latency": 20.268311977386475}
{"id": "live_simple_47-20-0", "result": [{"name": "multiply", "arguments": {"a": 3, "b": 2}}], "input_token_count": 0, "output_token_count": 0, "latency": 17.709328651428223}
{"id": "live_simple_48-21-0", "result": [{"name": "find_beer", "arguments": {"brewery": "Sierra Nevada", "taste": "bitter", "aroma": "hoppy", "color": "pale"}}], "input_token_count": 0, "output_token_count": 0, "latency": 18.56672501564026}
{"id": "live_simple_49-21-1", "result": [{"name": "find_beer", "arguments": {"brewery": "Creek", "taste": "bitter", "aroma": "rich", "color": "dark", "style": "porter", "abv_min": 0.0, "abv_max": 12.5, "ibu_min": 0, "ibu_max": 120, "pairings": ["chocolate", "cheese", "chocolate", "burger", "salad", "cake", "desserts", "sweet", "sour", "mead"]}}], "input_token_count": 0, "output_token_count": 0, "latency": 21.936305046081543}
{"id": "live_simple_50-22-0", "result": [{"name": "get_latest_carbon_intensity", "arguments": {"zone": "Great Britain"}}], "input_token_count": 0, "output_token_count": 0, "latency": 17.06367039680481}
{"id": "live_simple_51-23-0", "result": [{"name": "ThinQ_Connect", "arguments": {"body": {"airConOperationMode": "POWER_ON", "airConJobMode": "COOL", "targetTemperature": 22, "powerSaveEnabled": true, "windStrength": "HIGH", "relativeHourToStart": 1, "relativeMinuteToStart": 30}}}], "input_token_count": 0, "output_token_count": 0, "latency": 19.347951412200928}
{"id": "live_simple_52-23-1", "result": [{"name": "ThinQ_Connect", "arguments": {"body": {"airConJobMode": "COOL", "windStrength": "MID", "airConOperationMode": "POWER_ON", "targetTemperature": 20, "powerSaveEnabled": false, "monitoringEnabled": false}}}], "input_token_count": 0, "output_token_count": 0, "latency": 18.561053037643433}
{"id": "live_simple_53-24-0", "result": [{"name": "todo_add", "arguments": {"content": "go for shopping at 9 pm"}}], "input_token_count": 0, "output_token_count": 0, "latency": 16.740016222000122}
{"id": "live_simple_54-25-0", "result": [{"name": "todo", "arguments": {"type": "delete", "content": "todo random"}}], "input_token_count": 0, "output_token_count": 0, "latency": 16.499672651290894}
{"id": "live_simple_55-25-1", "result": [{"name": "todo", "arguments": {"type": "add", "content": "'go for shopping at 9 pm'"}}], "input_token_count": 0, "output_token_count": 0, "latency": 16.64499258995056}
{"id": "live_simple_56-26-0", "result": [{"name": "todo_manager.handle_action", "arguments": {"type": "delete", "content": "go to gym"}}], "input_token_count": 0, "output_token_count": 0, "latency": 15.468290090560913}
{"id": "live_simple_57-26-1", "result": [{"name": "todo_manager.handle_action", "arguments": {"type": "add", "content": "go to sleep at 9 pm"}}], "input_token_count": 0, "output_token_count": 0, "latency": 15.124998092651367}
{"id": "live_simple_58-27-0", "result": [{"name": "get_movies", "arguments": {"city": "Mumbai"}}], "input_token_count": 0, "output_token_count": 0, "latency": 14.509237289428711}
{"id": "live_simple_59-28-0", "result": [{"name": "get_movies", "arguments": {"city": "Mumbai"}}], "input_token_count": 0, "output_token_count": 0, "latency": 14.319180727005005}
{"id": "live_simple_60-29-0", "result": [{"name": "todo", "arguments": {"type": "complete", "content": "Submit monthly financial report"}}], "input_token_count": 0, "output_token_count": 0, "latency": 14.464174509048462}
{"id": "live_simple_61-29-1", "result": [{"name": "todo", "arguments": {"type": "add", "content": "go to gym tomorrow."}}], "input_token_count": 0, "output_token_count": 0, "latency": 14.460777997970581}
{"id": "live_simple_62-29-2", "result": [{"name": "todo", "arguments": {"type": "delete", "content": "ravi"}}], "input_token_count": 0, "output_token_count": 0, "latency": 14.128300666809082}
{"id": "live_simple_63-29-3", "result": [{"name": "todo", "arguments": {"type": "add", "content": "go to sleep at 9 pm"}}], "input_token_count": 0, "output_token_count": 0, "latency": 14.257362604141235}
{"id": "live_simple_64-29-4", "result": [{"name": "todo", "arguments": {"type": "add", "content": "remember to 'go to Goa'"}}], "input_token_count": 0, "output_token_count": 0, "latency": 15.187347888946533}
{"id": "live_simple_65-29-5", "result": [{"name": "todo", "arguments": {"type": "add", "content": "Hi charlie"}}], "input_token_count": 0, "output_token_count": 0, "latency": 14.11634874343872}
{"id": "live_simple_66-30-0", "result": [{"name": "inventory.restock_check", "arguments": {"item_ids": [102, 103], "threshold": 20}}], "input_token_count": 0, "output_token_count": 0, "latency": 13.746900796890259}
{"id": "live_simple_67-31-0", "result": [{"name": "obtener_cotizacion_de_creditos", "arguments": {"monto_del_credito": 1000000.0, "plazo_del_credito_mensual": 12, "tasa_interes_minima": 5.0, "producto": "auto", "a\u00f1o_vehiculo": 2024, "enganche": 0.2}}], "input_token_count": 0, "output_token_count": 0, "latency": 16.816303730010986}
{"id": "live_simple_68-32-0", "result": [{"name": "sum", "arguments": {"a": 5.0, "b": 3.0}}], "input_token_count": 0, "output_token_count": 0, "latency": 13.386063814163208}
{"id": "live_simple_69-33-0", "result": [{"name": "analysis_api.AnalysisApi.retrieve_analysis", "arguments": {"project": "SUPERFANCY", "component": "AB1010CD", "vulnerability": "ef903ac-893-f00"}}], "input_token_count": 0, "output_token_count": 0, "latency": 14.930266857147217}
{"id": "live_simple_70-34-0", "result": [{"name": "get_sensor_alerts", "arguments": {"perPage": 10, "sensorSerial": "Q3CC-CRT3-SZ2G"}}], "input_token_count": 0, "output_token_count": 0, "latency": 14.149691343307495}
{"id": "live_simple_71-35-0", "result": [{"name": "extract_parameters_v1", "arguments": {"targets": ["Apple"], "metrics": ["view"], "min_date": "2022-07-01", "max_date": "2022-07-31", "interval": "daily"}}], "input_token_count": 0, "output_token_count": 0, "latency": 15.60322880744934}
{"id": "live_simple_72-36-0", "result": [{"name": "detect_beats_and_filter", "arguments": {"capture_percentage": 50, "confidence_window_size": 0.5}}], "input_token_count": 0, "output_token_count": 0, "latency": 15.894083738327026}
{"id": "live_simple_73-36-1", "result": [{"name": "detect_beats_and_filter", "arguments": {"capture_percentage": 90, "confidence_window_size": 0.25}}], "input_token_count": 0, "output_token_count": 0, "latency": 13.486076831817627}
{"id": "live_simple_74-36-2", "result": [{"name": "detect_beats_and_filter", "arguments": {"capture_percentage": 70, "confidence_window_size": 0.8}}], "input_token_count": 0, "output_token_count": 0, "latency": 12.729872703552246}
{"id": "live_simple_75-36-3", "result": [{"name": "detect_beats_and_filter", "arguments": {"capture_percentage": 93, "confidence_window_size": 0.5}}], "input_token_count": 0, "output_token_count": 0, "latency": 12.806788682937622}
{"id": "live_simple_76-37-0", "result": [{"name": "language_translator.translate", "arguments": {"source_language": "en", "target_language": "fr", "text": "What is your name?"}}], "input_token_count": 0, "output_token_count": 0, "latency": 12.755890846252441}
{"id": "live_simple_77-38-0", "result": [{"name": "weather.get", "arguments": {"city": "London", "country": "UK"}}], "input_token_count": 0, "output_token_count": 0, "latency": 11.610198259353638}
{"id": "live_simple_78-39-0", "result": [{"name": "send_email", "arguments": {"to_address": "andy@gorilla.ai", "subject": "Sales Forecast Request", "body": "where is the latest sales forecast spreadsheet?"}}], "input_token_count": 0, "output_token_count": 0, "latency": 12.702821731567383}
{"id": "live_simple_79-40-0", "result": [{"name": "search_hotels", "arguments": {"location": "San Diego, CA"}}], "input_token_count": 0, "output_token_count": 0, "latency": 10.837923765182495}
{"id": "live_simple_80-41-0", "result": [{"name": "sitefinity_create_contentitem", "arguments": {"Title": "Breakthrough in Artificial Intelligence", "Content": "The recent advancements in AI have primarily focused on machine learning algorithms. Algorithms like neural networks, convolutional neural networks, reinforcement learning, and genetic algorithms are being tested for their effectiveness and efficiency.", "MetaTitle": "AI Breakthrough Latest Developments in Machine Learning", "MetaDescription": "An overview of the recent significant advancements in artificial intelligence and machine learning technology. Learn more about the breakthroughs in AI and their impact on the field."}}], "input_token_count": 0, "output_token_count": 0, "latency": 15.03130292892456}
{"id": "live_simple_81-42-0", "result": [{"name": "sitefinity_create_contentitem", "arguments": {"ContentItem": "NewsItem", "Title": "Julian is testing12"}}], "input_token_count": 0, "output_token_count": 0, "latency": 11.344791650772095}
{"id": "live_simple_82-43-0", "result": [{"name": "sitefinity_create_contentitem", "arguments": {"ContentItem": "News", "Title": "Julian is testing"}}], "input_token_count": 0, "output_token_count": 0, "latency": 11.044920206069946}
{"id": "live_simple_83-44-0", "result": [{"name": "sitefinity_create_contentitem", "arguments": {"ContentItem": "news", "Title": "Julian is Testing", "Content": "a detailed analysis on the impact of sleep patterns on productivity", "MetaTitle": "Productivity and Sleep Patterns", "MetaDescription": "Exploring how sleep affects work efficiency", "UrlName": "julian-testing-productivity"}}], "input_token_count": 0, "output_token_count": 0, "latency": 12.743475914001465}
{"id": "live_simple_84-45-0", "result": [{"name": "get_coordinates_from_city", "arguments": {"city_name": "Seattle, Washington"}}], "input_token_count": 0, "output_token_count": 0, "latency": 10.373188734054565}
{"id": "live_simple_85-46-0", "result": [{"name": "open_meteo_api.fetch_weather_data", "arguments": {"coordinates": [-122.273, 37.8715]}}], "input_token_count": 0, "output_token_count": 0, "latency": 10.65257740020752}
{"id": "live_simple_86-47-0", "result": [{"name": "sort_array", "arguments": {"array": [1, 54, 3, 1, 76, 2343, 21], "reverse": false}}], "input_token_count": 0, "output_token_count": 0, "latency": 10.72182583808899}
{"id": "live_simple_87-48-0", "result": [{"name": "get_current_loc", "arguments": {"coordinate_format": "DMS", "include_altitude": true}}], "input_token_count": 0, "output_token_count": 0, "latency": 9.921617031097412}
{"id": "live_simple_88-49-0", "result": [{"name": "log_food", "arguments": {"food_name": "chai tea", "portion_amount": 0.5, "portion_unit": "ounces", "meal_name": "snack"}}], "input_token_count": 0, "output_token_count": 0, "latency": 9.906911373138428}
{"id": "live_simple_89-50-0", "result": [{"name": "interior_design_analysis.generate_report", "arguments": {"user_preferences": "{\"style\": \"modern\", \"color_scheme\": \"warm\", \"budget\": \"mid-range\"}", "data_source": "internal_database", "output_format": "DOCX", "include_visuals": true, "environmental_impact_focus": false}}], "input_token_count": 0, "output_token_count": 0, "latency": 11.913435935974121}
{"id": "live_simple_90-51-0", "result": [{"name": "temperature", "arguments": {"location": "Paris, France"}}], "input_token_count": 0, "output_token_count": 0, "latency": 8.709367036819458}
{"id": "live_simple_91-52-0", "result": [{"name": "fetchPerson", "arguments": {"id": 4}}], "input_token_count": 0, "output_token_count": 0, "latency": 8.624860286712646}
{"id": "live_simple_92-53-0", "result": [{"name": "play_artist", "arguments": {"artist_name": "K\u00e4\u00e4rij\u00e4"}}], "input_token_count": 0, "output_token_count": 0, "latency": 9.756166458129883}
{"id": "live_simple_93-54-0", "result": [{"name": "play_artist", "arguments": {"artist_name": "K\u00e4\u00e4rij\u00e4"}}], "input_token_count": 0, "output_token_count": 0, "latency": 9.793715476989746}
{"id": "live_simple_94-55-0", "result": [{"name": "play_song", "arguments": {"artist_name": "K\u00e4\u00e4rij\u00e4", "song_name": "Cha Cha Cha"}}], "input_token_count": 0, "output_token_count": 0, "latency": 10.15898609161377}
{"id": "live_simple_95-56-0", "result": [{"name": "process_data", "arguments": {"data": [2.5, 3.6, 4.1, 5.2], "normalize": true, "categories": ["red", "blue", "green"], "encoding_type": "one-hot", "missing_values": "mean"}}], "input_token_count": 0, "output_token_count": 0, "latency": 11.162999868392944}
{"id": "live_simple_96-57-0", "result": [{"name": "get_current_weather", "arguments": {"location": "Boston, MA"}}], "input_token_count": 0, "output_token_count": 0, "latency": 9.105203628540039}
{"id": "live_simple_97-57-1", "result": [{"name": "get_current_weather", "arguments": {"location": "El Gastor, Andalusia"}}], "input_token_count": 0, "output_token_count": 0, "latency": 9.108232736587524}
{"id": "live_simple_98-58-0", "result": [{"name": "get_weather_by_coordinates", "arguments": {"city": "Chennai", "lat": 13.0827, "lon": 80.2707}}], "input_token_count": 0, "output_token_count": 0, "latency": 9.948253631591797}
{"id": "live_simple_99-59-0", "result": [{"name": "connectBluetooth", "arguments": {"device_name": "ue boom"}}], "input_token_count": 0, "output_token_count": 0, "latency": 8.787484407424927}
{"id": "live_simple_100-59-1", "result": [{"name": "connectBluetooth", "arguments": {"device_name": "JBL Flip 4"}}], "input_token_count": 0, "output_token_count": 0, "latency": 8.943124771118164}
{"id": "live_simple_101-60-0", "result": [{"name": "askForSSID", "arguments": {"prompt_message": "Please enter the Wi-Fi network name you wish to connect to:"}}], "input_token_count": 0, "output_token_count": 0, "latency": 9.342833042144775}
{"id": "live_simple_102-61-0", "result": [{"name": "calculate_tax", "arguments": {"purchase_amount": 59.99, "state": "CA"}}], "input_token_count": 0, "output_token_count": 0, "latency": 9.301992893218994}
{"id": "live_simple_103-61-1", "result": [{"name": "calculate_tax", "arguments": {"purchase_amount": 999.0, "state": "CA"}}], "input_token_count": 0, "output_token_count": 0, "latency": 9.376152276992798}
{"id": "live_simple_104-61-2", "result": [{"name": "calculate_tax", "arguments": {"purchase_amount": 250.0, "state": "NY"}}], "input_token_count": 0, "output_token_count": 0, "latency": 9.525455713272095}
{"id": "live_simple_105-62-0", "result": [{"name": "classify", "arguments": {"clean_hello": ["classify these sentences"], "faq_link_accounts_start": ["link my account", "connect my accounts", "hello"]}}], "input_token_count": 0, "output_token_count": 0, "latency": 9.954799890518188}
{"id": "live_simple_106-63-0", "result": [{"name": "record", "arguments": {"acc_routing_start": ["Please provide the routing number for my account."], "activate_card_start": [], "atm_finder_start": [], "auto_loan_payment_start": [], "bank_hours_start": [], "cancel_card_start": [], "card_rewards_start": [], "cashier_check_start": [], "clean_goodbye_start": ["I'm done here. Goodbye!"]}}], "input_token_count": 0, "output_token_count": 0, "latency": 21.587911128997803}
{"id": "live_simple_107-64-0", "result": [{"name": "record", "arguments": {"faq_describe_telephone_banking_start": ["How do I sign up for tele-banking services through the mobile app?", "Can I sign up for telephone banking services?", "Where can I find the application for telephone banking services?"], "bank_hours_start": ["I'm interested in opening a long term savings account. What options do you have?", "Are any banks open in Sri Lanka right now?", "Do you offer any special accounts for children or minors?"], "faq_describe_accounts_start": ["Do you offer any special accounts for individuals looking to save for a home purchase or renovation?", "Do you offer any special accounts for children or minors?"]}}], "input_token_count": 0, "output_token_count": 0, "latency": 15.595954656600952}
{"id": "live_simple_108-65-0", "result": [{"name": "record", "arguments": {"money_movement_start": ["Can you show me all outgoing wire transfers?", "Can you assist me in combining my personal and savings accounts?", "I need my credit card limit raised.", "Can you assist me in getting a higher credit card limit?", "I need to view all transactions labeled as \"checks\" on my account.", "Please assist me in combining my accounts for a streamlined experience.", "Can you show me my recent Google Pay transactions?", "How can I link my auto loan and savings accounts?", "I would like to see the details of my most recent ATM withdrawal.", "Can you give me a summary of my recent debit card transactions?"]}}], "input_token_count": 0, "output_token_count": 0, "latency": 15.20897626876831}
{"id": "live_simple_109-66-0", "result": [{"name": "record", "arguments": {"faq_auto_withdraw_start": ["Can I use bonuses or commissions as part of my income for a loan application?", "Can I schedule automatic withdrawals for different dates?", "How much do I owe on my home equity loan?", "Will my income be verified during the loan application process?", "Is there a minimum income threshold for loan approval?"]}}], "input_token_count": 0, "output_token_count": 0, "latency": 12.54597544670105}
{"id": "live_simple_110-67-0", "result": [{"name": "record", "arguments": {"outofscope": ["need atm location"]}}], "input_token_count": 0, "output_token_count": 0, "latency": 10.466299057006836}
{"id": "live_simple_111-67-1", "result": [{"name": "record", "arguments": {"get_balance_start": ["what is my balance?", "tell me my available balance, please", "what is my current available balance?", "where is the closest ATM to my current location?", "find ATM for immediate cash needs", "please provide my current account balance", "show me my balance information.", "what is the balance in my account at this moment?", "how much money is in my account?", "tell me my available balance"]}}], "input_token_count": 0, "output_token_count": 0, "latency": 13.208398342132568}
{"id": "live_simple_112-68-0", "result": [{"name": "record", "arguments": {"outofscope": ["what is the weather like"]}}], "input_token_count": 0, "output_token_count": 0, "latency": 9.43746018409729}
{"id": "live_simple_113-69-0", "result": [{"name": "calculate_dynamic_pricing", "arguments": {"geolocation": "34.0522, -118.2437", "base_price": 100.0, "minimum_price": 90.0}}], "input_token_count": 0, "output_token_count": 0, "latency": 11.29745101928711}
{"id": "live_simple_114-70-0", "result": [{"name": "update_user_profile", "arguments": {"user_id": 12345, "profile_data": {"email": "john.doe@example.com", "age": 30}}}], "input_token_count": 0, "output_token_count": 0, "latency": 11.011412143707275}
{"id": "live_simple_115-71-0", "result": [{"name": "calculate_sum", "arguments": {"number1": 133, "number2": 34}}], "input_token_count": 0, "output_token_count": 0, "latency": 9.895066261291504}
{"id": "live_simple_116-72-0", "result": [{"name": "sum_numbers", "arguments": {"numbers_list": [133, 34]}}], "input_token_count": 0, "output_token_count": 0, "latency": 10.747612476348877}
{"id": "live_simple_117-73-0", "result": [{"name": "reverse_input", "arguments": {"input_value": "say hi"}}], "input_token_count": 0, "output_token_count": 0, "latency": 9.821358442306519}
{"id": "live_simple_118-74-0", "result": [{"name": "get_temperature", "arguments": {"units": "Celsius", "location": "Hyderabad, India"}}], "input_token_count": 0, "output_token_count": 0, "latency": 10.231428861618042}
{"id": "live_simple_119-75-0", "result": [{"name": "GetPrimeMinisters", "arguments": {"countries": ["Australia", "Canada", "India"]}}], "input_token_count": 0, "output_token_count": 0, "latency": 10.27077579498291}
{"id": "live_simple_120-76-0", "result": [{"name": "weather.forecast", "arguments": {"location": "Paris, France", "start_date": "2023-04-03", "end_date": "2023-04-05", "temperature_unit": "Celsius"}}], "input_token_count": 0, "output_token_count": 0, "latency": 11.832213163375854}
{"id": "live_simple_121-77-0", "result": [{"name": "generate_chart", "arguments": {"data_labels": ["Software Engineer", "Graphics Designer", "Data Analyst", "Sales Manager", "Nurse"], "data_values": [90000, 50000, 70000, 60000, 80000]}}], "input_token_count": 0, "output_token_count": 0, "latency": 12.660473346710205}
{"id": "live_simple_122-78-0", "result": [{"name": "process_data", "arguments": {"image_path": "folder/subfolder/image.png", "question": "generate with technically complex attention to detail a description of what you see", "model": "vikhyatk/moondream2"}}], "input_token_count": 0, "output_token_count": 0, "latency": 11.716416835784912}
{"id": "live_simple_123-79-0", "result": [{"name": "pipeline", "arguments": {"image_path": "http://www.thewowstyle.com/wp-content/uploads/2015/01/Home-Interior-Design-Hd-Wallpaper-Hd-Background-With-Simple-Staircase-And-Plasma-TV-Also-Nice-Laminate-Flooring-Ideas-With-Modern-Furniture-Interior-Minimalist-Design.jpg", "question": "How does the arrangement of furniture contribute to the minimalist design of the interior?"}}], "input_token_count": 0, "output_token_count": 0, "latency": 14.770674705505371}
{"id": "live_simple_124-80-0", "result": [{"name": "get_tickets", "arguments": {"customer": "\u7ea2\u661f\u79d1\u6280", "status": "open", "limit": 10}}], "input_token_count": 0, "output_token_count": 0, "latency": 13.87507438659668}
{"id": "live_simple_125-81-0", "result": [{"name": "concat_strings", "arguments": {"strings": ["John", "Doe"], "separator": " "}}], "input_token_count": 0, "output_token_count": 0, "latency": 10.261628150939941}
{"id": "live_simple_126-82-0", "result": [{"name": "telemetry.flowrules.interfaceInfo.get", "arguments": {"fabricName": "Global-Fabric", "nodeId": 1200, "podId": 3, "interfaceType": "ethernet", "infoType": "status"}}], "input_token_count": 0, "output_token_count": 0, "latency": 11.244977474212646}
{"id": "live_simple_127-82-1", "result": [{"name": "telemetry.flowrules.interfaceInfo.get", "arguments": {"fabricName": "test-de", "nodeId": 5, "podId": 1, "interfaceType": "ethernet", "infoType": "status"}}], "input_token_count": 0, "output_token_count": 0, "latency": 11.166456937789917}
{"id": "live_simple_128-83-0", "result": [{"name": "requests.get", "arguments": {"url": "https://192.168.11.33/sedgeapi/v1/cisco-nir/api/api/telemetry/flowrules/nodes?fabricName=PEK-ACI", "fabricName": "PEK-ACI"}}], "input_token_count": 0, "output_token_count": 0, "latency": 11.980136632919312}
{"id": "live_simple_129-83-1", "result": [{"name": "requests.get", "arguments": {"url": "https://<ip>/sedgeapi/v1/cisco-nir/api/api/telemetry/flowrules/nodes?fabricName=fab-ed", "fabricName": "fab-ed"}}], "input_token_count": 0, "output_token_count": 0, "latency": 11.443938970565796}
{"id": "live_simple_130-84-0", "result": [{"name": "requests.get", "arguments": {"url": "https://192.168.0.0/sedgeapi/v1/cisco-nir/api/api/telemetry/flowrules/interfaceInfo?nodeId=12&podId=10&interfaceType=ethernet&infoType=statistics", "params": {}}}], "input_token_count": 0, "output_token_count": 0, "latency": 12.23367428779602}
{"id": "live_simple_131-84-1", "result": [{"name": "requests.get", "arguments": {"url": "https://192.120.45.67/sedgeapi/v1/cisco-nir/api/api/telemetry/flowrules/interfaceInfo?fabricName=Network1&nodeId=12&podId=10&interfaceType=Ethernet&infoType=Speed"}}], "input_token_count": 0, "output_token_count": 0, "latency": 12.481099843978882}
{"id": "live_simple_132-85-0", "result": [{"name": "requests.get", "arguments": {"url": "https://example.com/device-connector-versions.json"}}], "input_token_count": 0, "output_token_count": 0, "latency": 9.927127361297607}
{"id": "live_simple_133-86-0", "result": [{"name": "requests.get", "arguments": {"url": "https://api.example.com/recommendations", "params": {"advisoryId": "dac"}}}], "input_token_count": 0, "output_token_count": 0, "latency": 10.458874225616455}
{"id": "live_simple_134-87-0", "result": [{"name": "requests.get", "arguments": {"url": "https://api.insights.com/groups", "params": {"limit": 20, "sort": "desc"}}}], "input_token_count": 0, "output_token_count": 0, "latency": 10.551904439926147}
{"id": "live_simple_135-88-0", "result": [{"name": "requests.get", "arguments": {"url": "https://api.example.com/v1/data", "params": {"limit": 50}}}], "input_token_count": 0, "output_token_count": 0, "latency": 9.998322486877441}
{"id": "live_simple_136-89-0", "result": [{"name": "requests.get", "arguments": {"url": "https://192.168.1.1/api/v1/applications/topologies", "params": {"filter": "accountName:AcmeCorp AND applicationName:SalesApp"}}}], "input_token_count": 0, "output_token_count": 0, "latency": 11.08436894416809}
{"id": "live_simple_137-90-0", "result": [{"name": "reschedule", "arguments": {"identifier": "Alice-One-one-One", "dateOrTime": "2023-11-01T22:00:00+01:00", "timezone": "Europe/Paris"}}], "input_token_count": 0, "output_token_count": 0, "latency": 11.331482887268066}
{"id": "live_simple_138-91-0", "result": [{"name": "reschedule", "arguments": {"identifier": "Bob-123", "dateOrTime": "2023-11-01T20:00:00+01:00", "timezone": "Asia/Tokyo"}}], "input_token_count": 0, "output_token_count": 0, "latency": 11.373739957809448}
{"id": "live_simple_139-92-0", "result": [{"name": "requests.get", "arguments": {"url": "https://192.168.1.1/sedgeapi/v1/cisco-nir/api/api/v1/anomalies/summary", "params": {"fabric": "network222"}}}], "input_token_count": 0, "output_token_count": 0, "latency": 11.406884670257568}
{"id": "live_simple_140-93-0", "result": [{"name": "greet_partner", "arguments": {"user_name": "Emily", "partner_name": "Jeff"}}], "input_token_count": 0, "output_token_count": 0, "latency": 9.965543270111084}
{"id": "live_simple_141-94-0", "result": [{"name": "cmd_controller.execute", "arguments": {"command": "docker --version"}}], "input_token_count": 0, "output_token_count": 0, "latency": 9.462147951126099}
{"id": "live_simple_142-94-1", "result": [{"name": "cmd_controller.execute", "arguments": {"command": "dir Desktop"}}], "input_token_count": 0, "output_token_count": 0, "latency": 9.428207635879517}
{"id": "live_simple_143-95-0", "result": [{"name": "cmd_controller.execute", "arguments": {"command": "docker ps"}}], "input_token_count": 0, "output_token_count": 0, "latency": 9.444134950637817}
{"id": "live_simple_144-95-1", "result": [{"name": "cmd_controller.execute", "arguments": {"command": "taskkill /IM firefox.exe /F"}}], "input_token_count": 0, "output_token_count": 0, "latency": 9.622652530670166}
{"id": "live_simple_145-95-2", "result": [{"name": "cmd_controller.execute", "arguments": {"command": "LIST C DRIIVE"}}], "input_token_count": 0, "output_token_count": 0, "latency": 9.535543441772461}
{"id": "live_simple_146-95-3", "result": [{"name": "cmd_controller.execute", "arguments": {"command": "start https://huggingface.co"}}], "input_token_count": 0, "output_token_count": 0, "latency": 9.617078065872192}
{"id": "live_simple_147-95-4", "result": [{"name": "cmd_controller.execute", "arguments": {"command": "taskkill /F /IM timer.exe"}}], "input_token_count": 0, "output_token_count": 0, "latency": 9.829153299331665}
{"id": "live_simple_148-95-5", "result": [{"name": "cmd_controller.execute", "arguments": {"command": "ls -l"}}], "input_token_count": 0, "output_token_count": 0, "latency": 9.583184719085693}
{"id": "live_simple_149-95-6", "result": [{"name": "cmd_controller.execute", "arguments": {"command": "echo hi"}}], "input_token_count": 0, "output_token_count": 0, "latency": 9.68189287185669}
{"id": "live_simple_150-95-7", "result": [{"name": "cmd_controller.execute", "arguments": {"command": "shutdown /s /t 0"}}], "input_token_count": 0, "output_token_count": 0, "latency": 9.800062656402588}
{"id": "live_simple_151-95-8", "result": [{"name": "cmd_controller.execute", "arguments": {"command": "netsh wlan disconnect", "unit": "N/A"}}], "input_token_count": 0, "output_token_count": 0, "latency": 10.018069982528687}
{"id": "live_simple_152-95-9", "result": [{"name": "cmd_controller.execute", "arguments": {"command": "dir D:\\\\ && echo testing.txt"}}], "input_token_count": 0, "output_token_count": 0, "latency": 9.906204223632812}
{"id": "live_simple_153-95-10", "result": [{"name": "cmd_controller.execute", "arguments": {"command": "del \"%userprofile%\\Desktop\\putty.lnk\""}}], "input_token_count": 0, "output_token_count": 0, "latency": 10.152255058288574}
{"id": "live_simple_154-95-11", "result": [{"name": "cmd_controller.execute", "arguments": {"command": "start https://www.youtube.com/watch?v=dQw4w9WgXcQ"}}], "input_token_count": 0, "output_token_count": 0, "latency": 10.361307144165039}
{"id": "live_simple_155-95-12", "result": [{"name": "cmd_controller.execute", "arguments": {"command": "date"}}], "input_token_count": 0, "output_token_count": 0, "latency": 9.436409711837769}
{"id": "live_simple_156-95-13", "result": [{"name": "cmd_controller.execute", "arguments": {"command": "dir c: /s"}}], "input_token_count": 0, "output_token_count": 0, "latency": 9.684169054031372}
{"id": "live_simple_157-95-14", "result": [{"name": "cmd_controller.execute", "arguments": {"command": "echo %time%"}}], "input_token_count": 0, "output_token_count": 0, "latency": 9.603199243545532}
{"id": "live_simple_158-95-15", "result": [{"name": "cmd_controller.execute", "arguments": {"command": "taskkill /f /im code.exe"}}], "input_token_count": 0, "output_token_count": 0, "latency": 9.738035917282104}
{"id": "live_simple_159-95-16", "result": [{"name": "cmd_controller.execute", "arguments": {"command": "timeout 10"}}], "input_token_count": 0, "output_token_count": 0, "latency": 9.653480768203735}
{"id": "live_simple_160-95-17", "result": [{"name": "cmd_controller.execute", "arguments": {"command": "start microsoft.windows.camera"}}], "input_token_count": 0, "output_token_count": 0, "latency": 9.70458436012268}
{"id": "live_simple_161-96-0", "result": [{"name": "get_items", "arguments": {"items": ["Blue square", "Red square", "Green square", "Yellow square", "Superman logo", "Iron Man logo", "Hulk logo", "Batman logo", "Fist", "Bat", "Face mask", "Outline"]}}], "input_token_count": 0, "output_token_count": 0, "latency": 11.437598466873169}
{"id": "live_simple_162-96-1", "result": "", "input_token_count": 0, "output_token_count": 0, "latency": 10.178511381149292}
{"id": "live_simple_163-96-2", "result": [{"name": "get_items", "arguments": {"items": ["red logo", "yellow rectangle", "white text", "Lego characters", "movie title", "release date", "actor names"]}}], "input_token_count": 0, "output_token_count": 0, "latency": 10.135566234588623}
{"id": "live_simple_164-97-0", "result": [{"name": "get_copyright_info", "arguments": {"copyright_content": "The Coca-Cola logo", "copyright_holder": "The Coca-Cola Company", "confidence_score": 100.0}}], "input_token_count": 0, "output_token_count": 0, "latency": 10.573124885559082}
{"id": "live_simple_165-98-0", "result": [{"name": "extractor.extract_information", "arguments": {"data": [{"name": "\u674e\u96f7", "age": 18}, {"name": "\u674e\u4e3d", "age": 18}]}}], "input_token_count": 0, "output_token_count": 0, "latency": 10.1461021900177}
{"id": "live_simple_166-99-0", "result": [{"name": "cmd_controller.execute", "arguments": {"command": "echo %time%"}}], "input_token_count": 0, "output_token_count": 0, "latency": 9.114421844482422}
{"id": "live_simple_167-99-1", "result": [{"name": "cmd_controller.execute", "arguments": {"command": "tasklist /FI \"IMAGENAME eq Code.exe\""}}], "input_token_count": 0, "output_token_count": 0, "latency": 9.536082983016968}
{"id": "live_simple_168-99-2", "result": [{"name": "cmd_controller.execute", "arguments": {"command": "docker start"}}], "input_token_count": 0, "output_token_count": 0, "latency": 9.010912656784058}
{"id": "live_simple_169-99-3", "result": [{"name": "cmd_controller.execute", "arguments": {"command": "d:/playground/pc_contoller/env/Scripts/python.exe d:/playground/pc_contoller/test.py"}}], "input_token_count": 0, "output_token_count": 0, "latency": 10.199379444122314}
{"id": "live_simple_170-99-4", "result": [{"name": "cmd_controller.execute", "arguments": {"command": "list c drive"}}], "input_token_count": 0, "output_token_count": 0, "latency": 9.005863189697266}
{"id": "live_simple_171-99-5", "result": [{"name": "cmd_controller.execute", "arguments": {"command": "echo %date%\n"}}], "input_token_count": 0, "output_token_count": 0, "latency": 9.04580807685852}
{"id": "live_simple_172-99-6", "result": [{"name": "cmd_controller.execute", "arguments": {"command": "docker ps"}}], "input_token_count": 0, "output_token_count": 0, "latency": 8.885454416275024}
{"id": "live_simple_173-99-7", "result": [{"name": "cmd_controller.execute", "arguments": {"command": "start calc"}}], "input_token_count": 0, "output_token_count": 0, "latency": 8.812372207641602}
{"id": "live_simple_174-100-0", "result": "I'm sorry, but your question seems to be incomplete or unclear. Could you please provide more information about the question, such as the specific service requested and the quantity requested?", "input_token_count": 0, "output_token_count": 0, "latency": 9.560415029525757}
{"id": "live_simple_175-101-0", "result": [{"name": "get_service_id", "arguments": {"service_id": 1}}], "input_token_count": 0, "output_token_count": 0, "latency": 10.097960710525513}
{"id": "live_simple_176-102-0", "result": [{"name": "get_service_id", "arguments": {"service_id": 1, "unit": 1}}], "input_token_count": 0, "output_token_count": 0, "latency": 11.104161500930786}
{"id": "live_simple_177-103-0", "result": [{"name": "get_service_id", "arguments": {"service_id": 1}}], "input_token_count": 0, "output_token_count": 0, "latency": 9.079421997070312}
{"id": "live_simple_178-103-1", "result": [{"name": "get_service_id", "arguments": {"service_id": 2, "unit": 1}}], "input_token_count": 0, "output_token_count": 0, "latency": 9.279757499694824}
{"id": "live_simple_179-104-0", "result": [{"name": "get_service_id", "arguments": {"service_id": 2, "province_id": 2}}], "input_token_count": 0, "output_token_count": 0, "latency": 9.437645196914673}
{"id": "live_simple_180-105-0", "result": [{"name": "get_service_id", "arguments": {"service_id": 2, "province_id": 1, "rating": 4}}], "input_token_count": 0, "output_token_count": 0, "latency": 9.780762910842896}
{"id": "live_simple_181-106-0", "result": [{"name": "get_service_id", "arguments": {"service_id": 2, "province_id": 1, "district_name": "Chatuchak District", "rating": 4.5}}], "input_token_count": 0, "output_token_count": 0, "latency": 10.263216257095337}
{"id": "live_simple_182-107-0", "result": [{"name": "get_service_providers", "arguments": {"service_id": 2, "province_id": 1, "district_name": "Khlong Sam Wa District", "sub_district_name": "Sai Kong Subdistrict", "rating": 4.5}}], "input_token_count": 0, "output_token_count": 0, "latency": 10.875041007995605}
{"id": "live_simple_183-108-0", "result": [{"name": "getDataForProfessional", "arguments": {"avg_rating": 2.0, "province_id": 1, "service_id": 1}}], "input_token_count": 0, "output_token_count": 0, "latency": 9.760234832763672}
{"id": "live_simple_184-109-0", "result": [{"name": "getDataForProfessional", "arguments": {"service_id": 1, "province_id": 1, "rating": 4.0}}], "input_token_count": 0, "output_token_count": 0, "latency": 9.557999849319458}
{"id": "live_simple_185-110-0", "result": [{"name": "get_service_providers", "arguments": {"service_id": 2, "province_id": 3, "rating": 4.5, "start_available_date": "2023-09-29"}}], "input_token_count": 0, "output_token_count": 0, "latency": 10.547675609588623}
{"id": "live_simple_186-111-0", "result": [{"name": "get_service_providers", "arguments": {"service_id": 2, "province_id": 3, "start_available_date": "2024-12-03 16:00:00", "end_available_date": "2024-12-03 18:00:00"}}], "input_token_count": 0, "output_token_count": 0, "latency": 11.72809100151062}
{"id": "live_simple_187-112-0", "result": [{"name": "get_service_providers", "arguments": {"service_id": 2, "province_id": 3, "rating": 4.5, "start_available_date": "2024-03-12T16:00:00", "end_available_date": "2024-03-12T18:00:00", "has_late_check_in": false}}], "input_token_count": 0, "output_token_count": 0, "latency": 12.50520396232605}
{"id": "live_simple_188-113-0", "result": [{"name": "getDataForProfessional", "arguments": {"service_id": 2, "province_id": 3, "district_name": "Sankampang District", "sub_district_name": "Ton Pao Subdistrict", "rating": 4.5}}], "input_token_count": 0, "output_token_count": 0, "latency": 11.156973361968994}
{"id": "live_simple_189-114-0", "result": [{"name": "extractor.extract_information", "arguments": {"data": [{"age": 42, "name": "Chester"}, {"name": "Jane", "age": 43}]}}], "input_token_count": 0, "output_token_count": 0, "latency": 10.30553674697876}
{"id": "live_simple_190-115-0", "result": [{"name": "raptor.mpn.specs", "arguments": {"identifier": "ACHD", "search_type": "MPN", "include_images": true}}], "input_token_count": 0, "output_token_count": 0, "latency": 9.931369543075562}
{"id": "live_simple_191-115-1", "result": [{"name": "raptor.mpn.specs", "arguments": {"identifier": "3pak7"}}], "input_token_count": 0, "output_token_count": 0, "latency": 9.437739133834839}
{"id": "live_simple_192-116-0", "result": [{"name": "Weather_1_GetWeather", "arguments": {"city": "Pacifica", "date": "2023-04-11"}}], "input_token_count": 0, "output_token_count": 0, "latency": 10.058227062225342}
{"id": "live_simple_193-116-1", "result": [{"name": "Weather_1_GetWeather", "arguments": {"city": "New York", "date": "2023-03-08"}}], "input_token_count": 0, "output_token_count": 0, "latency": 10.021803140640259}
{"id": "live_simple_194-116-2", "result": [{"name": "Weather_1_GetWeather", "arguments": {"city": "Martinez", "date": "2023-04-25"}}], "input_token_count": 0, "output_token_count": 0, "latency": 10.102855205535889}
{"id": "live_simple_195-116-3", "result": [{"name": "Weather_1_GetWeather", "arguments": {"city": "Palo Alto", "date": "2023-04-25"}}], "input_token_count": 0, "output_token_count": 0, "latency": 10.025361061096191}
{"id": "live_simple_196-116-4", "result": [{"name": "Weather_1_GetWeather", "arguments": {"city": "Alameda", "date": "2023-04-25"}}], "input_token_count": 0, "output_token_count": 0, "latency": 10.107571601867676}
{"id": "live_simple_197-116-5", "result": [{"name": "Weather_1_GetWeather", "arguments": {"city": "Stinson Beach", "date": "2023-04-05"}}], "input_token_count": 0, "output_token_count": 0, "latency": 10.019747972488403}
{"id": "live_simple_198-116-6", "result": [{"name": "Weather_1_GetWeather", "arguments": {"city": "Healdsburg", "date": "2023-03-02"}}], "input_token_count": 0, "output_token_count": 0, "latency": 10.151764869689941}
{"id": "live_simple_199-116-7", "result": [{"name": "Weather_1_GetWeather", "arguments": {"city": "Marshall, MN", "date": "2023-03-05"}}], "input_token_count": 0, "output_token_count": 0, "latency": 10.083709001541138}
{"id": "live_simple_200-116-8", "result": [{"name": "Weather_1_GetWeather", "arguments": {"city": "Fremont", "date": "2023-03-01"}}], "input_token_count": 0, "output_token_count": 0, "latency": 10.076485633850098}
{"id": "live_simple_201-116-9", "result": [{"name": "Weather_1_GetWeather", "arguments": {"city": "Campbell", "date": "2023-03-04"}}], "input_token_count": 0, "output_token_count": 0, "latency": 9.848638534545898}
{"id": "live_simple_202-116-10", "result": [{"name": "Weather_1_GetWeather", "arguments": {"city": "Foster City", "date": "2023-04-25"}}], "input_token_count": 0, "output_token_count": 0, "latency": 9.810749530792236}
{"id": "live_simple_203-116-11", "result": [{"name": "Weather_1_GetWeather", "arguments": {"city": "Washington, DC", "date": "2023-03-01"}}], "input_token_count": 0, "output_token_count": 0, "latency": 9.764905452728271}
{"id": "live_simple_204-116-12", "result": [{"name": "Weather_1_GetWeather", "arguments": {"city": "Rutherford, NJ", "date": "2023-04-22"}}], "input_token_count": 0, "output_token_count": 0, "latency": 9.67583155632019}
{"id": "live_simple_205-116-13", "result": [{"name": "Weather_1_GetWeather", "arguments": {"city": "Berkeley", "date": "2023-04-25"}}], "input_token_count": 0, "output_token_count": 0, "latency": 9.308241367340088}
{"id": "live_simple_206-116-14", "result": [{"name": "Weather_1_GetWeather", "arguments": {"city": "London, England", "date": "2023-03-05"}}], "input_token_count": 0, "output_token_count": 0, "latency": 9.393245458602905}
{"id": "live_simple_207-116-15", "result": [{"name": "Weather_1_GetWeather", "arguments": {"city": "Sacramento", "date": "2023-04-22"}}], "input_token_count": 0, "output_token_count": 0, "latency": 9.431689977645874}
{"id": "live_simple_208-117-0", "result": [{"name": "Movies_3_FindMovies", "arguments": {"directed_by": "Quentin Tarantino"}}], "input_token_count": 0, "output_token_count": 0, "latency": 9.147785425186157}
{"id": "live_simple_209-117-1", "result": [{"name": "Movies_3_FindMovies", "arguments": {"directed_by": "dontcare", "genre": "dontcare", "cast": "Lori Pelenise Tuisano"}}], "input_token_count": 0, "output_token_count": 0, "latency": 9.73655891418457}
{"id": "live_simple_210-117-2", "result": [{"name": "Movies_3_FindMovies", "arguments": {"genre": "Drama"}}], "input_token_count": 0, "output_token_count": 0, "latency": 8.78309440612793}
{"id": "live_simple_211-117-3", "result": [{"name": "Movies_3_FindMovies", "arguments": {"genre": "Comic", "cast": "James Corden"}}], "input_token_count": 0, "output_token_count": 0, "latency": 9.18016242980957}
{"id": "live_simple_212-117-4", "result": [{"name": "Movies_3_FindMovies", "arguments": {"directed_by": "Edgar Wright", "genre": "Comedy"}}], "input_token_count": 0, "output_token_count": 0, "latency": 9.008885383605957}
{"id": "live_simple_213-117-5", "result": [{"name": "Movies_3_FindMovies", "arguments": {"directed_by": "Tim Burton", "genre": "Offbeat"}}], "input_token_count": 0, "output_token_count": 0, "latency": 8.9127836227417}
{"id": "live_simple_214-117-6", "result": [{"name": "Movies_3_FindMovies", "arguments": {"genre": "Comic", "directed_by": "Nitesh Tiwari"}}], "input_token_count": 0, "output_token_count": 0, "latency": 9.063617467880249}
{"id": "live_simple_215-117-7", "result": [{"name": "Movies_3_FindMovies", "arguments": {"genre": "Fantasy"}}], "input_token_count": 0, "output_token_count": 0, "latency": 8.464012145996094}
{"id": "live_simple_216-117-8", "result": [{"name": "Movies_3_FindMovies", "arguments": {"directed_by": "David Leitch", "genre": "Action", "cast": "Alex King"}}], "input_token_count": 0, "output_token_count": 0, "latency": 9.867769241333008}
{"id": "live_simple_217-117-9", "result": [{"name": "Movies_3_FindMovies", "arguments": {"directed_by": "Nitesh Tiwari"}}], "input_token_count": 0, "output_token_count": 0, "latency": 8.09765076637268}
{"id": "live_simple_218-117-10", "result": [{"name": "Movies_3_FindMovies", "arguments": {"directed_by": "Paul Downs Colaizzo"}}], "input_token_count": 0, "output_token_count": 0, "latency": 8.250468015670776}
{"id": "live_simple_219-117-11", "result": [{"name": "Movies_3_FindMovies", "arguments": {"directed_by": "Simon Curtis", "genre": "Drama"}}], "input_token_count": 0, "output_token_count": 0, "latency": 8.575612306594849}
{"id": "live_simple_220-117-12", "result": [{"name": "Movies_3_FindMovies", "arguments": {"directed_by": "Alexander Mackendrick"}}], "input_token_count": 0, "output_token_count": 0, "latency": 7.968891143798828}
{"id": "live_simple_221-117-13", "result": [{"name": "Movies_3_FindMovies", "arguments": {"directed_by": "James Gray"}}], "input_token_count": 0, "output_token_count": 0, "latency": 7.886308670043945}
{"id": "live_simple_222-117-14", "result": [{"name": "Movies_3_FindMovies", "arguments": {"directed_by": "Thurop Van Orman", "cast": "sterling K. Brown"}}], "input_token_count": 0, "output_token_count": 0, "latency": 8.546968221664429}
{"id": "live_simple_223-117-15", "result": [{"name": "Movies_3_FindMovies", "arguments": {"genre": "Imaginative fiction"}}], "input_token_count": 0, "output_token_count": 0, "latency": 8.135617733001709}
{"id": "live_simple_224-117-16", "result": [{"name": "Movies_3_FindMovies", "arguments": {"directed_by": "Tim Burton", "genre": "Offbeat", "cast": "Johnny Depp"}}], "input_token_count": 0, "output_token_count": 0, "latency": 8.881764650344849}
{"id": "live_simple_225-117-17", "result": [{"name": "Movies_3_FindMovies", "arguments": {"directed_by": "Kirill Mikhanovsky", "genre": "Comedy-drama"}}], "input_token_count": 0, "output_token_count": 0, "latency": 8.986253499984741}
{"id": "live_simple_226-118-0", "result": [{"name": "text_to_speech.convert", "arguments": {"text": "I am a pretty girl", "language": "es-ES", "gender": "female"}}], "input_token_count": 0, "output_token_count": 0, "latency": 8.872808933258057}
{"id": "live_simple_227-118-1", "result": [{"name": "text_to_speech.convert", "arguments": {"text": "\u6211\u7231\u5b66\u4e60", "language": "\u4e09", "gender": "male", "format": "wav"}}], "input_token_count": 0, "output_token_count": 0, "latency": 9.48832368850708}
{"id": "live_simple_228-119-0", "result": [{"name": "text_to_speech.convert", "arguments": {"text": "I am a pretty girl"}}], "input_token_count": 0, "output_token_count": 0, "latency": 8.321160554885864}
{"id": "live_simple_229-120-0", "result": [{"name": "requests.get", "arguments": {"anchor": "user"}}], "input_token_count": 0, "output_token_count": 0, "latency": 8.012888431549072}
{"id": "live_simple_230-121-0", "result": [{"name": "play_song", "arguments": {"song_id": "wjeiruhuq_roar", "quality": "high"}}], "input_token_count": 0, "output_token_count": 0, "latency": 8.68433952331543}
{"id": "live_simple_231-122-0", "result": [{"name": "reschedule_event", "arguments": {"event_identifier": "456123", "new_datetime": "2022-10-27T16:30:00Z"}}], "input_token_count": 0, "output_token_count": 0, "latency": 9.408090114593506}
{"id": "live_simple_232-122-1", "result": [{"name": "reschedule_event", "arguments": {"event_identifier": "med123", "new_datetime": "2021-04-15T13:45:00Z"}}], "input_token_count": 0, "output_token_count": 0, "latency": 9.100008249282837}
{"id": "live_simple_233-123-0", "result": [{"name": "book_flight", "arguments": {"departure_location": "Paris, France", "departure_time": "12/03/2023 15:00"}}], "input_token_count": 0, "output_token_count": 0, "latency": 9.083192825317383}
{"id": "live_simple_234-123-1", "result": [{"name": "book_flight", "arguments": {"departure_location": "New York, NY", "departure_time": "20/06/2022 17:00"}}], "input_token_count": 0, "output_token_count": 0, "latency": 9.064550161361694}
{"id": "live_simple_235-124-0", "result": [{"name": "play_spotify_song", "arguments": {"query": "Friends Marshmello"}}], "input_token_count": 0, "output_token_count": 0, "latency": 8.589114665985107}
{"id": "live_simple_236-124-1", "result": [{"name": "play_spotify_song", "arguments": {"query": "track:Dil Nu artist:Maninder Buttar"}}], "input_token_count": 0, "output_token_count": 0, "latency": 8.731121301651001}
{"id": "live_simple_237-125-0", "result": [{"name": "play_spotify_song", "arguments": {"query": "track:Wrecking Ball artist:Miley Cyrus"}}], "input_token_count": 0, "output_token_count": 0, "latency": 8.705331087112427}
{"id": "live_simple_238-125-1", "result": [{"name": "play_spotify_song", "arguments": {"query": "track:Dil Nu artist:Maninder Buttar"}}], "input_token_count": 0, "output_token_count": 0, "latency": 8.57972002029419}
{"id": "live_simple_239-125-2", "result": [{"name": "play_spotify_song", "arguments": {"query": "track:Shape of You"}}], "input_token_count": 0, "output_token_count": 0, "latency": 8.431536197662354}
{"id": "live_simple_240-125-3", "result": [{"name": "play_spotify_song", "arguments": {"query": "Baby Shark"}}], "input_token_count": 0, "output_token_count": 0, "latency": 8.363767385482788}
{"id": "live_simple_241-125-4", "result": [{"name": "play_spotify_song", "arguments": {"query": "track:Johnny+Johnny+Yes+papa artist:Unknown"}}], "input_token_count": 0, "output_token_count": 0, "latency": 8.449893712997437}
{"id": "live_simple_242-126-0", "result": [{"name": "set_volume", "arguments": {"volume": 20}}], "input_token_count": 0, "output_token_count": 0, "latency": 8.227842330932617}
{"id": "live_simple_243-126-1", "result": [{"name": "set_volume", "arguments": {"volume": 30}}], "input_token_count": 0, "output_token_count": 0, "latency": 8.22292447090149}
{"id": "live_simple_244-126-2", "result": [{"name": "set_volume", "arguments": {"volume": 70}}], "input_token_count": 0, "output_token_count": 0, "latency": 8.12856936454773}
{"id": "live_simple_245-127-0", "result": [{"name": "book_flight", "arguments": {"departure_location": "JFK", "departure_date": "16/03/2024", "departure_time": "14:00"}}], "input_token_count": 0, "output_token_count": 0, "latency": 8.559082508087158}
{"id": "live_simple_246-128-0", "result": [{"name": "book_flight", "arguments": {"departure_location": "New York", "departure_time": "15/03/2024"}}], "input_token_count": 0, "output_token_count": 0, "latency": 8.330424785614014}
{"id": "live_simple_247-129-0", "result": [{"name": "version_api.VersionApi.get_version", "arguments": {}}], "input_token_count": 0, "output_token_count": 0, "latency": 8.065743923187256}
{"id": "live_simple_248-130-0", "result": [{"name": "acl_api.AclApi.retrieve_projects", "arguments": {"uuid": "12", "excludeInactive": false, "onlyRoot": true}}], "input_token_count": 0, "output_token_count": 0, "latency": 8.293407678604126}
{"id": "live_simple_249-131-0", "result": [{"name": "chat_with_friend", "arguments": {"user_message": "Hey bunny, How are you doing"}}], "input_token_count": 0, "output_token_count": 0, "latency": 8.138163566589355}
{"id": "live_simple_250-132-0", "result": [{"name": "uber.eat.order", "arguments": {"restaurants": "McDonald's", "items": ["Big Mac", "Big Mac", "McFlurry"], "quantities": [2, 1, 1]}}], "input_token_count": 0, "output_token_count": 0, "latency": 8.37133002281189}
{"id": "live_simple_251-133-0", "result": [{"name": "flight.status.check", "arguments": {"flight_id": "6E123", "passenger_name": "Karan", "ticket_number": "IND4567"}}], "input_token_count": 0, "output_token_count": 0, "latency": 8.310068845748901}
{"id": "live_simple_252-134-0", "result": [{"name": "flight.status.check", "arguments": {"airlines": "Indigo", "person_name": "Karan", "ticket_number": "IND4567"}}], "input_token_count": 0, "output_token_count": 0, "latency": 8.355290174484253}
{"id": "live_simple_253-135-0", "result": [{"name": "uber.eat.order", "arguments": {"restaurants": "McDonald's", "items": ["burger", "chicken wing"], "quantities": [5, 6]}}], "input_token_count": 0, "output_token_count": 0, "latency": 8.245230436325073}
{"id": "live_simple_254-136-0", "result": [{"name": "user.mandates", "arguments": {"user_id": "U123", "status": "pending"}}], "input_token_count": 0, "output_token_count": 0, "latency": 8.085340976715088}
{"id": "live_simple_255-136-1", "result": [{"name": "user.mandates", "arguments": {"user_id": "U123456", "status": "active"}}], "input_token_count": 0, "output_token_count": 0, "latency": 8.046761751174927}
{"id": "live_simple_256-137-0", "result": [{"name": "answer_question", "arguments": {"statement": "What is the status of your complaint?"}}], "input_token_count": 0, "output_token_count": 0, "latency": 7.84404182434082}
{"id": "live_simple_257-137-1", "result": [{"name": "answer_question", "arguments": {"statement": "What is the minimum package arrival time?"}}], "input_token_count": 0, "output_token_count": 0, "latency": 7.823265075683594}
