{"id": "live_parallel_0-0-0", "result": "AI: \u5317\u4eac\u7684\u5f53\u524d\u5929\u6c14\u72b6\u51b5\u662f\u6674\u6717\uff0c\u6e29\u5ea6\u4e3a26.9\u00b0C\u3002\u4e0a\u6d77\u7684\u5929\u6c14\u60c5\u51b5\u662f\u6674\u6717\uff0c\u6e29\u5ea6\u4e3a27.8\u00b0C\u3002", "input_token_count": 0, "output_token_count": 0, "latency": 18.214263439178467}
{"id": "live_parallel_1-0-1", "result": [{"name": "get_current_weather", "arguments": {"location": "Boston, MA"}}], "input_token_count": 0, "output_token_count": 0, "latency": 17.239902019500732}
{"id": "live_parallel_2-0-2", "result": [{"name": "get_current_weather", "arguments": {"location": "Boston, MA"}}], "input_token_count": 0, "output_token_count": 0, "latency": 17.18812894821167}
{"id": "live_parallel_3-0-3", "result": [{"name": "get_current_weather", "arguments": {"location": "Canc\u00fan"}}], "input_token_count": 0, "output_token_count": 0, "latency": 17.336571216583252}
{"id": "live_parallel_4-1-0", "result": [{"name": "get_current_weather", "arguments": {"location": "Boston, USA", "url": "https://api.open-meteo.com/v1/forecast"}}], "input_token_count": 0, "output_token_count": 0, "latency": 18.03616499900818}
{"id": "live_parallel_5-2-0", "result": [{"name": "get_current_weather", "arguments": {"url": "https://api.open-meteo.com/v1/forecast", "location": "Boston, MA", "unit": "celsius"}}], "input_token_count": 0, "output_token_count": 0, "latency": 18.432591199874878}
{"id": "live_parallel_6-3-0", "result": [{"name": "get_snow_report", "arguments": {"location": "Paris, France"}}], "input_token_count": 0, "output_token_count": 0, "latency": 17.096296787261963}
{"id": "live_parallel_7-3-1", "result": [{"name": "get_current_weather", "arguments": {"location": "Boston"}}], "input_token_count": 0, "output_token_count": 0, "latency": 17.72238039970398}
{"id": "live_parallel_8-4-0", "result": [{"name": "todo", "arguments": {"type": "add", "content": "Machine Learning Study Session"}}], "input_token_count": 0, "output_token_count": 0, "latency": 17.261906385421753}
{"id": "live_parallel_9-5-0", "result": [{"name": "get_aws_pricing", "arguments": {"memory": 2, "cpu": "one", "operating_system": "Linux"}}], "input_token_count": 0, "output_token_count": 0, "latency": 17.829957723617554}
{"id": "live_parallel_10-6-0", "result": [{"name": "hotel_booking_book", "arguments": {"hotel_name": "Sheraton Hotel", "location": "New York, NY", "check_in": "2022-05-01", "check_out": "2022-05-05", "adults": 2, "children": 1}}], "input_token_count": 0, "output_token_count": 0, "latency": 19.80514693260193}
{"id": "live_parallel_11-7-0", "result": [{"name": "log_food", "arguments": {"food_name": "frozen mango", "portion_amount": 8.0, "portion_unit": "piece", "meal_type": "snack"}}], "input_token_count": 0, "output_token_count": 0, "latency": 18.468564748764038}
{"id": "live_parallel_12-8-0", "result": [{"name": "log_food", "arguments": {"food_name": "iced coffee and banana", "portion_amount": 12.0, "portion_unit": "ounces", "meal_name": "breakfast"}}], "input_token_count": 0, "output_token_count": 0, "latency": 18.48494052886963}
{"id": "live_parallel_13-9-0", "result": [{"name": "get_current_weather", "arguments": {"location": "Boston, MA"}}], "input_token_count": 0, "output_token_count": 0, "latency": 17.067781925201416}
{"id": "live_parallel_14-10-0", "result": [{"name": "get_current_weather", "arguments": {"location": "Boston, MA"}}], "input_token_count": 0, "output_token_count": 0, "latency": 16.703495740890503}
{"id": "live_parallel_15-11-0", "result": [{"name": "cmd_controller.execute", "arguments": {"command": "dir c:\\"}}], "input_token_count": 0, "output_token_count": 0, "latency": 16.69998049736023}
